{"graph": {"_type": "graph-file", "path": "media/graph/graph_summary_5c429031dfc68c1b55f2.graph.json", "sha256": "5c429031dfc68c1b55f2be499ff0f230b694eae348c1f8fbe91dec1498ec31ab", "size": 1007}, "epoch": 13, "_timestamp": 1648590759, "_runtime": 264, "loss": 0.07340741902589798, "dense_loss": 0.027030840516090393, "dense_1_loss": 0.04637658968567848, "_step": 13, "best_loss": 0.06290171295404434, "best_epoch": 8, "_wandb": {"runtime": 263}}