{"graph": {"_type": "graph-file", "path": "media/graph/graph_summary_80b7589c070f18dcb6d3.graph.json", "sha256": "80b7589c070f18dcb6d3ecacff12f987c1f524a0a069ad58d421bb3711a28a8d", "size": 1001}, "learning_rate": 0.0924501121044159, "_timestamp": 1648589878, "_runtime": 37, "epoch": 6, "loss": 0.04222055897116661, "dense_loss": 0.024642424657940865, "dense_1_loss": 0.017578141763806343, "_step": 7, "best_loss": 0.04222055897116661, "best_epoch": 6, "_wandb": {"runtime": 36}}