{"graph": {"_type": "graph-file", "path": "media/graph/graph_summary_4d385ab154eb23d16565.graph.json", "sha256": "4d385ab154eb23d16565bfab4b9a80ea2d9e3d86a1d62783aaac8967dc1108c5", "size": 997}, "learning_rate": 0.07274754345417023, "_timestamp": 1648589725, "_runtime": 12, "epoch": 0, "loss": 0.18969279527664185, "dense_loss": 0.09771344810724258, "dense_1_loss": 0.09197933971881866, "_step": 0, "best_loss": 0.18969279527664185, "best_epoch": 0, "_wandb": {"runtime": 12}}