{"graph": {"_type": "graph-file", "path": "media/graph/graph_summary_8c2a7865cf2fdc8f16d2.graph.json", "sha256": "8c2a7865cf2fdc8f16d23710fb66d941e03d14d1ed1a4b0f404e54d13ee932ec", "size": 1002}, "epoch": 7, "_timestamp": 1648625428, "_runtime": 49, "loss": 0.0600619912147522, "dense_loss": 0.025223243981599808, "dense_1_loss": 0.03483874723315239, "_step": 7, "best_loss": 0.05985398218035698, "best_epoch": 2, "_wandb": {"runtime": 48}}