{"graph": {"_type": "graph-file", "path": "media/graph/graph_summary_5ecb20969ba9b8938b9e.graph.json", "sha256": "5ecb20969ba9b8938b9ecc4f963f423b17ad505208be165d88625a5662b8d2ee", "size": 1000}, "epoch": 6, "_timestamp": 1648625368, "_runtime": 67, "loss": 0.3159877061843872, "dense_loss": 0.21155038475990295, "dense_1_loss": 0.10443734377622604, "_step": 6, "best_loss": 0.06468197703361511, "best_epoch": 1, "_wandb": {"runtime": 66}}