{"graph": {"_type": "graph-file", "path": "media/graph/graph_summary_b66c9ea04480afb20f6f.graph.json", "sha256": "b66c9ea04480afb20f6faee03879cf23a404fb801e7eb0f97bb42d4cf89fcefe", "size": 998}, "epoch": 15, "_timestamp": 1648590212, "_runtime": 106, "loss": 0.0597446970641613, "dense_loss": 0.025066381320357323, "dense_1_loss": 0.034678321331739426, "_step": 15, "best_loss": 0.059698693454265594, "best_epoch": 10, "_wandb": {"runtime": 106}}