{"graph": {"_type": "graph-file", "path": "media/graph/graph_summary_4d385ab154eb23d16565.graph.json", "sha256": "4d385ab154eb23d16565bfab4b9a80ea2d9e3d86a1d62783aaac8967dc1108c5", "size": 997}, "epoch": 6, "_timestamp": 1648590292, "_runtime": 64, "loss": 0.06021934747695923, "dense_loss": 0.025173794478178024, "dense_1_loss": 0.03504554182291031, "_step": 6, "best_loss": 0.06002051755785942, "best_epoch": 1, "_wandb": {"runtime": 63}}