{"graph": {"_type": "graph-file", "path": "media/graph/graph_summary_44fc7c83c6f17987b62b.graph.json", "sha256": "44fc7c83c6f17987b62bf28b558c6ad6d9c02ed3213c04aa82f4fe93c244fd17", "size": 1006}, "epoch": 7, "_timestamp": 1648626470, "_runtime": 147, "loss": 0.1979750394821167, "dense_loss": 0.12981083989143372, "dense_1_loss": 0.06816420704126358, "_step": 7, "best_loss": 0.13114720582962036, "best_epoch": 2, "_wandb": {"runtime": 146}}