{"graph": {"_type": "graph-file", "path": "media/graph/graph_summary_c7362b1d8a0de913c0b2.graph.json", "sha256": "c7362b1d8a0de913c0b2b34f61a914f33995544427b5ea2f15634e06da3e16e4", "size": 1003}, "epoch": 49, "_timestamp": 1648593480, "_runtime": 2707, "loss": 0.0017033987678587437, "dense_loss": 0.0008202315657399595, "dense_1_loss": 0.0008831671439111233, "_step": 49, "best_loss": 0.0017033987678587437, "best_epoch": 49, "_wandb": {"runtime": 2706}}