{"graph": {"_type": "graph-file", "path": "media/graph/graph_summary_92858c58402da624c1e3.graph.json", "sha256": "92858c58402da624c1e33ffb08c707b5c1f4d238ad7ea4e048714533cde2a981", "size": 1008}, "epoch": 9, "_timestamp": 1648598882, "_runtime": 5390, "loss": 0.040948688983917236, "dense_loss": 0.02277280203998089, "dense_1_loss": 0.018175894394516945, "_step": 9, "best_loss": 0.03918824344873428, "best_epoch": 4, "_wandb": {"runtime": 5389}}