{"graph": {"_type": "graph-file", "path": "media/graph/graph_summary_d0c7b6184f5a05409b35.graph.json", "sha256": "d0c7b6184f5a05409b35f835e77c09f456c8c206b6630813d6b8e7c856ba87c7", "size": 1006}, "epoch": 6, "_timestamp": 1648625781, "_runtime": 102, "loss": 0.08259040117263794, "dense_loss": 0.031145300716161728, "dense_1_loss": 0.05144510418176651, "_step": 6, "best_loss": 0.06786534935235977, "best_epoch": 1, "_wandb": {"runtime": 101}}