{"graph": {"_type": "graph-file", "path": "media/graph/graph_summary_438d2a7e3a3fb2ca74b6.graph.json", "sha256": "438d2a7e3a3fb2ca74b6da86cfc0334e8e69a3a9fec26f5c94d334b57fad448d", "size": 1004}, "epoch": 9, "_timestamp": 1648626709, "_runtime": 228, "loss": 0.07170961797237396, "dense_loss": 0.03039979189634323, "dense_1_loss": 0.04130982980132103, "_step": 9, "best_loss": 0.07162992656230927, "best_epoch": 5, "_wandb": {"runtime": 227}}