{"graph": {"_type": "graph-file", "path": "media/graph/graph_summary_0ac8ec24645c1a66cb4b.graph.json", "sha256": "0ac8ec24645c1a66cb4b2bbb708e2a556ce1b8203c74c7da66b5fe9c2ed7b34c", "size": 1008}, "epoch": 8, "_timestamp": 1648626312, "_runtime": 292, "loss": 0.3426337242126465, "dense_loss": 0.20376169681549072, "dense_1_loss": 0.13887205719947815, "_step": 8, "best_loss": 0.19683000445365906, "best_epoch": 3, "_wandb": {"runtime": 292}}