{"graph": {"_type": "graph-file", "path": "media/graph/graph_summary_adf0c7cd96652ac4f5fe.graph.json", "sha256": "adf0c7cd96652ac4f5fe7da29095dd225d0e607524b6950b139be4707dd5dd6a", "size": 1006}, "epoch": 6, "_timestamp": 1648626002, "_runtime": 210, "loss": 1.7391571998596191, "dense_loss": 1.3311188220977783, "dense_1_loss": 0.4080383777618408, "_step": 6, "best_loss": 0.22400851547718048, "best_epoch": 1, "_wandb": {"runtime": 209}}