{"graph": {"_type": "graph-file", "path": "media/graph/graph_summary_9ce9cd9a1dda9b90590d.graph.json", "sha256": "9ce9cd9a1dda9b90590d5f7631d5d42dd2d2727b36ebb24b8106b8d37e330a39", "size": 999}, "epoch": 49, "_timestamp": 1648625671, "_runtime": 234, "loss": 0.010720709338784218, "dense_loss": 0.00490972027182579, "dense_1_loss": 0.005810986272990704, "_step": 49, "best_loss": 0.010720709338784218, "best_epoch": 49, "_wandb": {"runtime": 234}}