{"graph": {"_type": "graph-file", "path": "media/graph/graph_summary_ca5f2ff09d185096212f.graph.json", "sha256": "ca5f2ff09d185096212fdcd2beaa733431855d0088b056039942a325bbb839fb", "size": 1000}, "epoch": 9, "_timestamp": 1648626814, "_runtime": 87, "loss": 0.0641162097454071, "dense_loss": 0.02799026481807232, "dense_1_loss": 0.03612595051527023, "_step": 9, "best_loss": 0.0641162097454071, "best_epoch": 9, "_wandb": {"runtime": 86}}