{"graph": {"_type": "graph-file", "path": "media/graph/graph_summary_77c5da7c66f999b097b0.graph.json", "sha256": "77c5da7c66f999b097b0b5e765b2ae3dd16bbded0cdc29a12b3fca6f4633b2c7", "size": 1001}, "learning_rate": 0.08543618023395538, "_timestamp": 1648589921, "_runtime": 33, "epoch": 2, "loss": 0.06974487006664276, "dense_loss": 0.02960965596139431, "dense_1_loss": 0.0401352159678936, "_step": 3, "best_loss": 0.06974487006664276, "best_epoch": 2, "_wandb": {"runtime": 38}}