{"graph": {"_type": "graph-file", "path": "media/graph/graph_summary_8b1dad2b1b7038d38126.graph.json", "sha256": "8b1dad2b1b7038d381264b6ce2578f404de98852e5582b9e6de066d532d7f59e", "size": 1001}, "epoch": 6, "_timestamp": 1648626864, "_runtime": 40, "loss": 0.0712127685546875, "dense_loss": 0.02908051759004593, "dense_1_loss": 0.04213225841522217, "_step": 6, "best_loss": 0.06421658396720886, "best_epoch": 1, "_wandb": {"runtime": 40}}