{"graph": {"_type": "graph-file", "path": "media/graph/graph_summary_c20e77c9d3af8f9faada.graph.json", "sha256": "c20e77c9d3af8f9faada805b9cd8c76683b213f9ef6d6f0ddf6e607941274588", "size": 999}, "epoch": 8, "_timestamp": 1648590488, "_runtime": 186, "loss": 0.0335121750831604, "dense_loss": 0.01624564826488495, "dense_1_loss": 0.0172665286809206, "_step": 8, "best_loss": 0.03207864239811897, "best_epoch": 3, "_wandb": {"runtime": 186}}