{"graph": {"_type": "graph-file", "path": "media/graph/graph_summary_92858c58402da624c1e3.graph.json", "sha256": "92858c58402da624c1e33ffb08c707b5c1f4d238ad7ea4e048714533cde2a981", "size": 1008}, "epoch": 0, "_timestamp": 1648589985, "_runtime": 37, "loss": 0.11715586483478546, "dense_loss": 0.05912058800458908, "dense_1_loss": 0.05803525820374489, "_step": 0, "best_loss": 0.11715586483478546, "best_epoch": 0, "_wandb": {"runtime": 55}}