{"graph": {"_type": "graph-file", "path": "media/graph/graph_summary_e405d832651f8e050f66.graph.json", "sha256": "e405d832651f8e050f6614ae966e324aaf4d1c712c363d3a2556424e8cdbeefe", "size": 1002}, "epoch": 6, "_timestamp": 1648590089, "_runtime": 40, "loss": 0.06058343127369881, "dense_loss": 0.025375908240675926, "dense_1_loss": 0.035207536071538925, "_step": 6, "best_loss": 0.06012445688247681, "best_epoch": 1, "_wandb": {"runtime": 40}}